index,name,status,source_page,image_url,detector,score,face_count,sha256
1,Marileidy Paulino,replacement,https://commons.wikimedia.org/wiki/File:Marileidy_Paulino_Oregon_2022.jpg,https://upload.wikimedia.org/wikipedia/commons/3/35/Marileidy_Paulino_Oregon_2022.jpg?utm_source=commons.wikimedia.org&utm_campaign=index&utm_content=original,yunet@180,0.8653,1,22f1b81202d70c17c1cade50175c92595a3d45dc595e13fcbaf4db0baf6ebad4
2,Tokischa,replacement,https://commons.wikimedia.org/wiki/File:Tokischa_2021.jpg,https://upload.wikimedia.org/wikipedia/commons/c/ce/Tokischa_2021.jpg?utm_source=commons.wikimedia.org&utm_campaign=index&utm_content=original,yunet@0,0.7806,1,7dcc94871e57c5530584856f5e349bf6b3fb23aa7c278abdd31e325879535071
3,Fiordaliza Cofil,replacement,https://commons.wikimedia.org/wiki/File:Fiordaliza_Cofil_Oregon_2022_(cropped).jpg,https://upload.wikimedia.org/wikipedia/commons/e/e3/Fiordaliza_Cofil_Oregon_2022_%28cropped%29.jpg?utm_source=commons.wikimedia.org&utm_campaign=index&utm_content=original,yunet@0,0.9369,2,a22cadadde88eed88050af393c3d5ac9f917f78845471bcb156538d42fcb04be
4,Lineisy Montero,replacement,https://commons.wikimedia.org/wiki/File:Lineisy_Montero_Paris_Fashion_Week_Autumn_Winter_2019.jpg,https://upload.wikimedia.org/wikipedia/commons/5/5e/Lineisy_Montero_Paris_Fashion_Week_Autumn_Winter_2019.jpg?utm_source=commons.wikimedia.org&utm_campaign=index&utm_content=original,yunet@0,0.8153,1,bbcab66ac46818d5d36af15266f998b4f34b7a361933fa0bc85d4b8f2b87e95f
5,Andreína Martínez,replacement,https://commons.wikimedia.org/wiki/File:Andre%C3%ADna_Mart%C3%ADnez_01.jpg,https://upload.wikimedia.org/wikipedia/commons/3/3e/Andre%C3%ADna_Mart%C3%ADnez_01.jpg?utm_source=commons.wikimedia.org&utm_campaign=index&utm_content=original,yunet@0,0.9258,1,071651d20befc216d405791fe9ad26f7460615abdad971781400eb7d72cbe2f1
6,Yailín La Más Viral,replacement,https://commons.wikimedia.org/wiki/File:Yailin_La_Mas_Viral.jpg,https://upload.wikimedia.org/wikipedia/commons/9/9a/Yailin_La_Mas_Viral.jpg?utm_source=commons.wikimedia.org&utm_campaign=index&utm_content=original,yunet@0,0.9085,2,e3fd3044ac66ab040db8d1a2dc36760b730aae348305d64930c647280c696e04
7,Nairoby Abigail Jiménez,replacement,https://commons.wikimedia.org/wiki/File:2018-10-12_Badminton_Mixed_International_Team_Bronze_medal_match_6_at_2018_Summer_Youth_Olympics_by_Sandro_Halank%E2%80%93003.jpg,https://upload.wikimedia.org/wikipedia/commons/5/58/2018-10-12_Badminton_Mixed_International_Team_Bronze_medal_match_6_at_2018_Summer_Youth_Olympics_by_Sandro_Halank%E2%80%93003.jpg?utm_source=commons.wikimedia.org&utm_campaign=index&utm_content=original,yunet@0,0.9291,1,8ca08c8c78720b6b9e2bb844da9c6bb39cb896dce92f7d487280ce964ef8d538
8,Emily Tosta,replacement,https://commons.wikimedia.org/wiki/File:Emily_tosta_2023_2.png,https://upload.wikimedia.org/wikipedia/commons/7/71/Emily_tosta_2023_2.png?utm_source=commons.wikimedia.org&utm_campaign=index&utm_content=original,yunet@0,0.9364,1,7152c875646add34782982ce43575d0badf9db0e370105c40a1f7c32aeb9baf0
9,Elibeidy Dani,replacement,"https://commons.wikimedia.org/wiki/File:Elibeidy_Dani,_Prada_FW_2017_Men%27s_%26_Women%27s.jpg",https://upload.wikimedia.org/wikipedia/commons/b/b0/Elibeidy_Dani%2C_Prada_FW_2017_Men%27s_%26_Women%27s.jpg?utm_source=commons.wikimedia.org&utm_campaign=index&utm_content=original,yunet@0,0.9313,2,965bc8f695c34f584f4c42f01e12397d47504a22ff6b48edb42ada7ec3d144d9
10,Chelsy Bautista,replacement,https://commons.wikimedia.org/wiki/File:Chelsy_Bautista.png,https://upload.wikimedia.org/wikipedia/commons/8/81/Chelsy_Bautista.png?utm_source=commons.wikimedia.org&utm_campaign=index&utm_content=original,yunet@0,0.8756,1,72a2bf07aa532f9ea597ce3b082164103635148af5f68b72e37f7377bb4a170e
11,Esmery Martinez,replacement,https://www.wnba.com/player/1642318/esmery-martinez,https://upload.wikimedia.org/wikipedia/commons/2/28/Esmery_Mart%C3%ADnez_8_Kocaeli_Kad%C4%B1n_Basketbol_20251108_%281%29.jpg?utm_source=commons.wikimedia.org&utm_campaign=imageinfo&utm_content=original,yunet@0,0.9350,2,51b5938bf9890149d4f13522eda817e16e97aed74c2cc95b71e14c36f000898b
12,Ceylin del Carmen Alvarado,replacement,https://commons.wikimedia.org/wiki/File:2025_LBL_Presentation_-_Ceylin_del_Carmen_Alvarado.jpg,https://upload.wikimedia.org/wikipedia/commons/8/82/2025_LBL_Presentation_-_Ceylin_del_Carmen_Alvarado.jpg?utm_source=commons.wikimedia.org&utm_campaign=index&utm_content=original,yunet@0,0.9471,1,5398fa6acb79ef4b52dd0fa42dfefdf4807ea92189c4e27820b4ff901106992c
13,Ellie Jean,replacement,https://commons.wikimedia.org/wiki/File:Ellie_Jean_Gotham_FC_v_Racing_Louisville_3_May_2026-140.jpg,https://upload.wikimedia.org/wikipedia/commons/d/d6/Ellie_Jean_Gotham_FC_v_Racing_Louisville_3_May_2026-140.jpg?utm_source=commons.wikimedia.org&utm_campaign=index&utm_content=original,yunet@0,0.9441,1,3aeea42bf787b4b5925e86004130de07f1a6db8089ea569c599e73b5efc24ae8
14,Lucía León,replacement,https://en.wikipedia.org/wiki/Luc%C3%ADa_Le%C3%B3n,https://upload.wikimedia.org/wikipedia/commons/a/a8/Luc%C3%ADa_Le%C3%B3n_%281%29.jpg?utm_source=en.wikipedia.org&utm_campaign=index&utm_content=thumbnail_unscaled,yunet@0,0.8782,1,10417b7bae4c41204911b091de8383be84a2f2c80960a6bdc736aa32473b2024
15,Dorian McMenemy,replacement,https://www.worldaquatics.com/athletes/1000224/dorian-mcmenemy,https://resources.fina.org/photo-resources/2024/10/05/97c9fefd-7f88-4ef6-a8af-98be1af16c61/9d99696b-c8be-4b29-9ffb-ab16e0680b70?width=350,yunet@0,0.9482,1,099c1ff1a6e77f43b82ad41bcf788682839f2faa4bde2cfe5fde29ff27f6c56e
16,Rosa Angelica Santana,replacement,https://worldathletics.org/athletes/dominican-republic/rosa-angelica-santana-14749626,https://upload.wikimedia.org/wikipedia/commons/1/1a/Rosa_Damasceno_%28Alfred_Fillon%2C_1875_-_B%26W%29.jpg?utm_source=en.wikipedia.org&utm_campaign=api&utm_content=original,yunet@0,0.9007,1,c067ed6d736c0574daba2e92251b5f517b2b6b2913fb932aafadaa7eab93ff02
17,Yaneirys Rodriguez,replacement,https://en.volleyballworld.com/volleyball/competitions/women-world-championship/2022/players/158817,https://images.volleyballworld.com/image/upload/t_editorial_squared_6_desktop/f_auto/fivb-prd/n7i4s9jqxxzzqx7hpn4q.webp,yunet@0,0.9464,1,8875d03996b33579365a5b1c7f947162dc37fd5c64bc43436646d9406d4d04bd
18,Alondra Tapia,replacement,https://en.volleyballworld.com/volleyball/competitions/women-world-championship/2022/players/183317,https://images.volleyballworld.com/image/upload/t_editorial_squared_6_desktop/f_auto/fivb-prd/v1nrpqqgnnxpglv1iwx3.webp,yunet@0,0.9415,1,dc7431f54b72ff1fc6594bb4a9d5ea98064a22a0838bb4ca29db2ac1cc5da0c6
19,Flormarie Heredia,replacement,https://en.volleyballworld.com/volleyball/competitions/women-world-championship/2022/players/161506,https://images.volleyballworld.com/image/upload/t_editorial_squared_6_desktop/f_auto/fivb-prd/epyy9zrfodta6rt5whdu.webp,yunet@0,0.9473,1,6005540322d0b50d7a5e1d35babe87db2047190bd0e800ee889fbb3d1e59feb8
20,Geraldine Gonzalez,replacement,https://en.volleyballworld.com/volleyball/competitions/women-world-championship/2022/players/149530,https://images.volleyballworld.com/image/upload/t_editorial_squared_6_desktop/f_auto/fivb-prd/aukm4jljcaeeb73ys5gm.webp,yunet@0,0.9495,1,bdcf3d5b2927e3fe2d3e58901237db07ad5b025d5c4322ecec05e7e6e56f07d6
21,Massiel Matos,replacement,https://en.volleyballworld.com/volleyball/competitions/women-world-championship/2022/players/139911,https://images.volleyballworld.com/image/upload/t_editorial_squared_6_desktop/f_auto/fivb-prd/oiki7le2kb7ixql2ghvj.webp,yunet@0,0.9430,1,bfbe53b2fa87d2849af681b8972c3f76b300edc728229d3a43c8e45e97fd9892
22,Camila De la Rosa,replacement,https://en.volleyballworld.com/volleyball/competitions/women-world-championship/2022/players/157907,https://images.volleyballworld.com/image/upload/t_editorial_squared_6_desktop/f_auto/fivb-prd/opoezy9pipu7b6tqhfsz.webp,yunet@0,0.9516,1,966774fda9fee79495cdcc92e704eb6e2126dcaf9828bb9c8234b4cfe58609b7
23,Florangel Terrero,replacement,https://en.volleyballworld.com/volleyball/competitions/women-world-championship/2022/players/185978,https://images.volleyballworld.com/image/upload/t_editorial_squared_6_desktop/f_auto/fivb-prd/ndg2c8qg5w4n4qget0ql.webp,yunet@0,0.9486,1,75a298d708d7a589a095ca9c0053884ec092a8edbbdb39de1fbe49afca089368
24,Brayelin Martinez,replacement,https://en.volleyballworld.com/volleyball/competitions/women-world-championship/2022/players/123982,https://images.volleyballworld.com/image/upload/t_editorial_squared_6_desktop/f_auto/fivb-prd/wfnygehcxpzkmgtqmbfs.webp,yunet@0,0.9481,1,628798820641b5d524279952590b3312d480a23ca03cfd1aad421926fdf0191a
25,Jineiry Martinez,replacement,https://en.volleyballworld.com/volleyball/competitions/women-world-championship/2022/players/139910,https://images.volleyballworld.com/image/upload/t_editorial_squared_6_desktop/f_auto/fivb-prd/fzeptgw3bbakfsncfx3h.webp,yunet@0,0.9480,1,acf391b225138e9502770239cd0d098c2ad102c531bd9b33ed5d3c3bc538074f
26,Gaila Gonzalez,replacement,https://en.volleyballworld.com/volleyball/competitions/women-world-championship/2022/players/139927,https://images.volleyballworld.com/image/upload/t_editorial_squared_6_desktop/f_auto/fivb-prd/ezavmjouvcaixftkj3ad.webp,yunet@0,0.9492,1,11fa1d0d7c2d4a9b40bbd9f158f3cf9936925f1116e324c137837f1b697189f0
27,Larysmer Martinez,replacement,https://en.volleyballworld.com/volleyball/competitions/women-world-championship/2022/players/139913,https://images.volleyballworld.com/image/upload/t_editorial_squared_6_desktop/f_auto/fivb-prd/mpbwcoquxpf5mdv2seqk.webp,yunet@0,0.9485,1,08904bab8293e815f53ba1982645e8675cdc3d5792c18e08c37a25992005bd03
28,Katielle Alonzo,replacement,https://en.volleyballworld.com/volleyball/competitions/women-u21-world-championship/2023/players/183316,https://images.volleyballworld.com/image/upload/t_editorial_squared_6_desktop/f_auto/fivb-prd/ximl414smbp0nzbspkfp.webp,yunet@0,0.9465,1,8cbf9187d4c257e990ab1f11024b4569df60538f52e02c8f320da429931fbee0
29,Vielka Peralta,replacement,https://en.volleyballworld.com/volleyball/competitions/women-world-championship/2022/players/151087,https://images.volleyballworld.com/image/upload/t_editorial_squared_6_desktop/f_png/fivb-prd/wcdnfafxa9xbixvvwjws.png,yunet@0,0.9539,1,e5dca96bffc38af4af3e05fea47a41ba2bc92ca30712ef4b10b5bafaa45b8088
30,Ariana Rodriguez Fung,replacement,https://en.volleyballworld.com/volleyball/competitions/women-u21-world-championship/2023/players/181899,https://images.volleyballworld.com/image/upload/t_editorial_squared_6_desktop/f_auto/fivb-prd/d04dkyuccjqd5asltkxt.webp,yunet@0,0.9421,1,37b7f51754e8a2f8e99a9ba504a44740bbaaef640ec5504b5217d03c4111c4f4
31,Angelica Hinojosa,replacement,https://en.volleyballworld.com/volleyball/competitions/women-world-championship/2022/players/143961,https://images.volleyballworld.com/image/upload/t_editorial_squared_6_desktop/f_png/fivb-prd/dc7qja1j4dol68eoof06.png,yunet@0,0.9392,1,8961e2de67d028dd9838dc79d32ac91fe1d166302188d6cfb09ba3b4e2f75090
32,Natalia Martinez,replacement,https://en.volleyballworld.com/volleyball/competitions/women-world-championship/2022/players/139923,https://upload.wikimedia.org/wikipedia/commons/b/b9/Jessica_Martinez.jpg?utm_source=commons.wikimedia.org&utm_campaign=imageinfo&utm_content=original,yunet@0,0.9108,1,a3b6215716781f7d1e502ee1b7b3edc646d272884f5c93d7c4ffd8897918fec2
33,Madeline Guillen,replacement,https://en.volleyballworld.com/volleyball/competitions/women-world-championship/2022/players/149531,https://images.volleyballworld.com/image/upload/t_editorial_squared_6_desktop/f_auto/fivb-prd/dmyvadjnlwad5b5pz4zq.webp,yunet@0,0.9545,1,7fdaadd1c4e0be117ce5f110744e9901691fbddd28a2879a5ba43cbeddae8729
34,Samaret Caraballo,replacement,https://en.volleyballworld.com/volleyball/competitions/women-world-championship/2022/players/162342,https://images.volleyballworld.com/image/upload/t_editorial_squared_6_desktop/f_auto/fivb-prd/vk6jimz2opbm5fyvgrfj.webp,yunet@0,0.9435,1,826dec966e41aeebbf14b731ffd0c783249fc3f61e0be6f1575e52b49e3e8cdf
35,Iliana Rodriguez Fung,replacement,https://en.volleyballworld.com/volleyball/competitions/women-world-championship/2022/players/182751,https://upload.wikimedia.org/wikipedia/commons/thumb/8/87/My_SARAH_G_INTERVIEW_experience_%28raw_video%29.webm/1920px--My_SARAH_G_INTERVIEW_experience_%28raw_video%29.webm.jpg,yunet@0,0.9400,1,6ddaf37047d4beb984836214fedd71d4e7b57649e7ae5d52604fabef2c2551cf
36,Yanlis Feliz Sena,missing,https://en.volleyballworld.com/volleyball/competitions/women-world-championship/2022/players/157914,,,,0,
37,Ailyn Liberato,missing,https://en.volleyballworld.com/volleyball/competitions/women-u21-world-championship/2023/players/173526,,,,0,
38,Selanny Puente Estrella,missing,https://en.volleyballworld.com/volleyball/competitions/women-u21-world-championship/2023/players/183310,,,,0,
39,Esthefany Rabit,missing,https://en.volleyballworld.com/volleyball/competitions/women-world-championship/2022/players/168727,,,,0,
40,Ana Patricia Encarnacion Montero,missing,https://en.volleyballworld.com/volleyball/competitions/girls-u17-world-championship/2024/players/206369,,,,0,
41,Thais Chantal Cocly Vasquez,missing,https://en.volleyballworld.com/volleyball/competitions/women-u21-world-championship/2025/players/191765,,,,0,
42,Estel Santos Mateo,replacement,https://en.volleyballworld.com/volleyball/competitions/women-u21-world-championship/2025/players/206587,https://upload.wikimedia.org/wikipedia/commons/3/3a/Mateo_01.jpg?utm_source=es.wikipedia.org&utm_campaign=api&utm_content=original,yunet@0,0.8827,1,52db879dae8bc2f7afd9f5c5236c90931c42ad7276a96d8b09b86184e97bff4d
43,Aurelina Ruiz Rosario,replacement,https://en.volleyballworld.com/volleyball/competitions/women-u21-world-championship/2025/players/213373,https://upload.wikimedia.org/wikipedia/commons/d/d0/Dorival_caymmi_1938.jpg?utm_source=en.wikipedia.org&utm_campaign=api&utm_content=original,yunet@0,0.9325,1,67db123645ec50f45c5d2292b08f07514f38ac4d0335272215471abe1e566655
44,Julie Millaray Arias Alejo,missing,https://en.volleyballworld.com/volleyball/competitions/women-u21-world-championship/2025/players/191753,,,,0,
45,Valerie Mariel Vargas Guzman,missing,https://en.volleyballworld.com/volleyball/competitions/women-u21-world-championship/2025/players/213380,,,,0,
46,Harleny Linette De los Santos Baez,missing,https://en.volleyballworld.com/volleyball/competitions/women-u21-world-championship/2025/players/223204,,,,0,
47,Jakarlis Marianni Lima Garcia,missing,https://en.volleyballworld.com/volleyball/competitions/women-u21-world-championship/2025/players/213386,,,,0,
48,Glorybell Puente Estrella,missing,https://en.volleyballworld.com/volleyball/competitions/women-u21-world-championship/2025/players/191891,,,,0,
49,Jismeily Flete Savinon,missing,https://en.volleyballworld.com/volleyball/competitions/women-u21-world-championship/2025/players/191755,,,,0,
50,Dilenny Michel Maleno Mendez,missing,https://en.volleyballworld.com/volleyball/competitions/women-u21-world-championship/2023/players/191771,,,,0,
